{"id":"APP_MODEL-13b98821-e4c5-4b49-8811-41035c3174b4","name":"Training App","key":"trainingApp","description":"","editorJson":{"models":[],"cmmnModels":[{"id":"CASE_MODEL-9f03e4fa-a3c9-44b4-991b-f0742e7dbc13","name":"Training Case","version":2,"modelType":5,"description":"","createdBy":"3b5e6044-6b6f-4cda-9320-94a3ee5956ee","lastUpdatedBy":"3b5e6044-6b6f-4cda-9320-94a3ee5956ee","lastUpdated":"2020-02-27T11:02:05.602+0000","key":"trainingCase","tenantId":"default"}],"formModels":[],"dmnModels":[],"workModels":[],"pages":[],"theme":"theme-5","icon":"glyphicon-bullhorn","flowApp":false,"i18n":{}}}