{"id":"FORM_MODEL-578c7000-5b7b-40f1-83d7-8b32af5fe9a8","name":"Show Posts Form","key":"showPostsForm","description":"","tenantId":"default","editorJson":{"resourceId":"editor_FORM_MODEL-578c7000-5b7b-40f1-83d7-8b32af5fe9a8","stencil":{"id":"XForm"},"pathProperties":{"outcomes":"outcomes","outcomevariablename":"outcomeVariableName","datamodel":"dataModel","dialog-size":"dialogSize","dialog-title":"dialogTitle","dialog-title_en_us":"i18n.en_us.dialogTitle","dialog-title_de_de":"i18n.de_de.dialogTitle","dialog-title_fr_fr":"i18n.fr_fr.dialogTitle","dialog-title_it_it":"i18n.it_it.dialogTitle","dialog-title_es_es":"i18n.es_es.dialogTitle","dialog-title_i18n-key":"dialogTitle","dialog-description":"dialogDescription"},"xmlProperties":[],"childShapes":[{"resourceId":"panel1","stencil":{"id":"SlotPanel"},"pathProperties":{"id":"id"},"xmlProperties":[],"childShapes":[{"resourceId":"datatable1","stencil":{"id":"base-datatable"},"pathProperties":{"label":"label","label_en_us":"i18n.en_us.label","label_de_de":"i18n.de_de.label","label_fr_fr":"i18n.fr_fr.label","label_it_it":"i18n.it_it.label","label_es_es":"i18n.es_es.label","label_i18n-key":"label","enabled":"enabled","enabled-run":"enabled","datasource":"extraSettings.dataSource","options":"extraSettings.items","options_en_us":"i18n.en_us.extraSettings.items","options_en_us-run":"i18n.en_us.extraSettings.items","options_de_de":"i18n.de_de.extraSettings.items","options_de_de-run":"i18n.de_de.extraSettings.items","options_fr_fr":"i18n.fr_fr.extraSettings.items","options_fr_fr-run":"i18n.fr_fr.extraSettings.items","options_it_it":"i18n.it_it.extraSettings.items","options_it_it-run":"i18n.it_it.extraSettings.items","options_es_es":"i18n.es_es.extraSettings.items","options_es_es-run":"i18n.es_es.extraSettings.items","options-run":"extraSettings.items","options_i18n-key":"extraSettings.items","table-key":"extraSettings.tableKey","table-key-run":"extraSettings.tableKey","query-url":"extraSettings.queryUrl","query-url-run":"extraSettings.queryUrl","lookup-url":"extraSettings.lookupUrl","lookup-url-run":"extraSettings.lookupUrl","path":"extraSettings.path","search-query":"extraSettings.searchQuery","link-target-view":"extraSettings.linkTargetView","format-item":"extraSettings.formatItem","auto-complete-type":"extraSettings.storage","serialize-item":"extraSettings.identity","serialize-item-master":"extraSettings.identity","serialize-item-full":"extraSettings.identity","link-item":"extraSettings.linkUrl","link-target":"extraSettings.linkTarget","label-position":"labelAlign","tooltip":"tooltip","tooltip_en_us":"i18n.en_us.tooltip","tooltip_de_de":"i18n.de_de.tooltip","tooltip_fr_fr":"i18n.fr_fr.tooltip","tooltip_it_it":"i18n.it_it.tooltip","tooltip_es_es":"i18n.es_es.tooltip","tooltip_i18n-key":"tooltip","value":"value","default-value":"defaultValue","description":"description","description_en_us":"i18n.en_us.description","description_de_de":"i18n.de_de.description","description_fr_fr":"i18n.fr_fr.description","description_it_it":"i18n.it_it.description","description_es_es":"i18n.es_es.description","description_i18n-key":"description","col-span":"size","ignored":"ignore","ignored-run":"ignore","visible":"visible","visible-run":"visible","required":"isRequired","required-run":"isRequired","style-class":"styleClass","id":"id","selectable":"extraSettings.selectable","show-pagination":"extraSettings.showPagination","show-pagination-run":"extraSettings.showPagination","client-pagination":"extraSettings.clientPagination","columns":"extraSettings.columns","columns_en_us":"i18n.en_us.extraSettings.columns","columns_de_de":"i18n.de_de.extraSettings.columns","columns_fr_fr":"i18n.fr_fr.extraSettings.columns","columns_it_it":"i18n.it_it.extraSettings.columns","columns_es_es":"i18n.es_es.extraSettings.columns","columns_i18n-key":"extraSettings.columns","filterable":"extraSettings.filterable","sortable":"extraSettings.sortable","multi-sort":"extraSettings.multiSort","page-size":"extraSettings.pageSize","page-size-options":"extraSettings.pageSizeOptions","show-total-records":"extraSettings.showTotalRecords","path-run":"extraSettings.path","response":"extraSettings.response","show-refresh-button":"extraSettings.showRefreshButton","refresh-time":"extraSettings.refreshTime","refresh-time-run":"extraSettings.refreshTime","url":"extraSettings.url","target":"extraSettings.target","sort-asc":"extraSettings.sortAsc","sort-desc":"extraSettings.sortDesc","sort-pattern":"extraSettings.sortPattern","sort-separator":"extraSettings.sortSeparator","filter-pattern":"extraSettings.filterPattern","filter-separator":"extraSettings.filterSeparator","no-data-message":"extraSettings.noDataMessage","no-data-message_en_us":"i18n.en_us.extraSettings.noDataMessage","no-data-message_de_de":"i18n.de_de.extraSettings.noDataMessage","no-data-message_fr_fr":"i18n.fr_fr.extraSettings.noDataMessage","no-data-message_it_it":"i18n.it_it.extraSettings.noDataMessage","no-data-message_es_es":"i18n.es_es.extraSettings.noDataMessage","no-data-message_i18n-key":"extraSettings.noDataMessage","conditional-formatting":"extraSettings.conditionalFormatting"},"xmlProperties":["table-key","table-key-run","query-url","query-url-run","lookup-url","lookup-url-run","path","format-item","auto-complete-type","serialize-item","serialize-item-master","serialize-item-full","link-item","path-run"],"childShapes":[],"bounds":{"lowerRight":{"x":984,"y":117},"upperLeft":{"x":15,"y":25}},"outputmappingproperties":{"options":{"type":"complex","placeholders":[]},"options_en_us":{"type":"complex","placeholders":[]},"options_de_de":{"type":"complex","placeholders":[]},"options_fr_fr":{"type":"complex","placeholders":[]},"options_it_it":{"type":"complex","placeholders":[]},"options_es_es":{"type":"complex","placeholders":[]},"columns":{"type":"complex","placeholders":[]},"columns_en_us":{"type":"complex","placeholders":[]},"columns_de_de":{"type":"complex","placeholders":[]},"columns_fr_fr":{"type":"complex","placeholders":[]},"columns_it_it":{"type":"complex","placeholders":[]},"columns_es_es":{"type":"complex","placeholders":[]},"page-size-options":{"type":"complex","placeholders":[]},"response":{"type":"complexkeyvalue","keymap":{"type":"simpletext","key":"key"},"valuemap":{"type":"simpletext","key":"value"}},"conditional-formatting":{"type":"complex","placeholders":[]}},"properties":{"stencilid":"cloud-datatable","stencilsuperid":"base-datatable","stencilsuperids":["base-datatable"],"customstencil":false,"bordercolor":"#000000","notes":"","label":"Posts","label_en_us":"Posts","label_de_de":"","label_fr_fr":"","label_it_it":"","label_es_es":"","label_i18n-key":"","enabled":true,"enabled-run":"","datasource":"Rest","options_en_us-run":"","options_de_de-run":"","options_fr_fr-run":"","options_it_it-run":"","options_es_es-run":"","options-run":"","options_i18n-key":"","table-key":"","table-key-run":"","query-url":"http://localhost:3000/posts","query-url-run":"http://localhost:3000/posts","lookup-url":"","lookup-url-run":"","path":"/","search-query":"","link-target-view":"browse","format-item":"","auto-complete-type":"Full","serialize-item-master":"id","serialize-item-full":"","link-item":"","link-target":"_blank","label-position":"top","tooltip":"","tooltip_en_us":"","tooltip_de_de":"","tooltip_fr_fr":"","tooltip_it_it":"","tooltip_es_es":"","tooltip_i18n-key":"","value":"{{posts}}","default-value":"","description":"","description_en_us":"","description_de_de":"","description_fr_fr":"","description_it_it":"","description_es_es":"","description_i18n-key":"","col-span":"1","ignored":false,"ignored-run":"","visible":true,"visible-run":"","required":false,"required-run":"","style-class":"","documentation":"","id":"datatable1","width":"200","height":"","col":1,"col-align":"fill","col-weight":"","row":1,"row-align":"top","row-weight":"","size":12,"description-position":"bottom","description-align":"left","node-type":"","selectable":"","show-pagination":true,"show-pagination-run":"","client-pagination":true,"columns":{"totalCount":4,"items":[{"label":"Id","id":"id","accessor":"id","alignment":"left","className":"","component":"","filterable":"","maxWidth":"","minWidth":"","width":"","sortable":"","show":true,"show_rt":""},{"label":"UserId","id":"userId","accessor":"userId","alignment":"left","className":"","component":"","filterable":"","maxWidth":"","minWidth":"","width":"","sortable":"","show":true,"show_rt":""},{"label":"Title","id":"title","accessor":"title","alignment":"left","className":"","component":"","filterable":"","maxWidth":"","minWidth":"","width":"","sortable":"","show":true,"show_rt":""},{"label":"Body","id":"body","accessor":"body","alignment":"left","className":"","component":"","filterable":"","maxWidth":"","minWidth":"","width":"","sortable":"","show":true,"show_rt":""}]},"columns_en_us":{"totalCount":4,"items":[{"label":"Id","id":"id","accessor":"id","alignment":"left","className":"","component":"","filterable":"","maxWidth":"","minWidth":"","width":"","sortable":"","show":true,"show_rt":""},{"label":"UserId","id":"userId","accessor":"userId","alignment":"left","className":"","component":"","filterable":"","maxWidth":"","minWidth":"","width":"","sortable":"","show":true,"show_rt":""},{"label":"Title","id":"title","accessor":"title","alignment":"left","className":"","component":"","filterable":"","maxWidth":"","minWidth":"","width":"","sortable":"","show":true,"show_rt":""},{"label":"Body","id":"body","accessor":"body","alignment":"left","className":"","component":"","filterable":"","maxWidth":"","minWidth":"","width":"","sortable":"","show":true,"show_rt":""}]},"columns_de_de":"","columns_fr_fr":"","columns_it_it":"","columns_es_es":"","columns_i18n-key":"","filterable":false,"sortable":false,"multi-sort":false,"page-size":"","page-size-options":{"totalCount":6,"items":[{"page-size":5},{"page-size":10},{"page-size":20},{"page-size":25},{"page-size":50},{"page-size":100}]},"show-total-records":false,"path-run":"/","response":{"totalCount":3,"items":[{"key":"next","value":""},{"key":"previous","value":""},{"key":"total","value":""}]},"show-refresh-button":"","refresh-time":"","refresh-time-run":"","url":"","target":"_blank","sort-asc":"","sort-desc":"","sort-pattern":"","sort-separator":"","filter-pattern":"","filter-separator":"","no-data-message":"","no-data-message_en_us":"","no-data-message_de_de":"","no-data-message_fr_fr":"","no-data-message_it_it":"","no-data-message_es_es":"","no-data-message_i18n-key":"","conditional-formatting":"","xmlTag":"dataTable"},"ssextensions":[],"outgoing":[],"dockers":[],"labels":[{"styles":{"fill":"#000000","size":"12","italic":false,"bold":false},"ref":"label_text"},{"styles":{"fill":"#000000","size":"12","italic":false,"bold":false},"ref":"input_text"},{"styles":{"fill":"#000000","size":"12","italic":false,"bold":false},"ref":"input_dependent_text_1"},{"styles":{"fill":"#000000","size":"12","italic":false,"bold":false},"ref":"desc_text"}]}],"bounds":{"lowerRight":{"x":1049,"y":192},"upperLeft":{"x":50,"y":50}},"oldResourceId":"sid-8D9FC954-EB33-4C05-ADF0-5706EF50E974","properties":{"stencilid":"SlotPanel","stencilsuperid":"SlotPanel","stencilsuperids":["SlotPanel"],"customstencil":false,"id":"panel1","notes":"","width":"300"},"ssextensions":[],"outgoing":[],"dockers":[]}],"bounds":{"lowerRight":{"x":1485,"y":1050},"upperLeft":{"x":0,"y":0}},"outputmappingproperties":{"outcomes":{"type":"complex","placeholders":[]},"datamodel":{"type":"complex","placeholders":[]}},"properties":{"stencilid":"XForm","stencilsuperid":"XForm","stencilsuperids":["XForm"],"customstencil":false,"id":"showPostsForm","notes":"","name":"Show Posts Form","guid":"FORM_MODEL-578c7000-5b7b-40f1-83d7-8b32af5fe9a8","creationdate":"2020-02-28T02:16:43.786Z","modificationdate":"2020-02-28T02:25:05.434Z","outcomes":"","outcomevariablename":"","datamodel":"","dialog-size":"","dialog-title":"","dialog-title_en_us":"","dialog-title_de_de":"","dialog-title_fr_fr":"","dialog-title_it_it":"","dialog-title_es_es":"","dialog-title_i18n-key":"","dialog-description":"","description":""},"ssextensions":[],"stencilset":{"url":"./app/editor_stencilset","paletteKey":"flowable-form-palette","namespace":"http://b3mn.org/stencilset/xforms#"}}}