{"id":"APP_MODEL-49573f1c-c893-4c7c-9293-264e7b3709eb","name":"Vacation Request App","key":"vacationRequestApp","description":"","editorJson":{"models":[{"id":"PROCESS_MODEL-4d5fdb9a-2815-4afa-a489-152b9b7ed870","name":"Vacation request process","version":10,"modelType":0,"description":"","createdBy":"5d821290-cdff-4b08-bca3-6519735b7776","lastUpdatedBy":"5d821290-cdff-4b08-bca3-6519735b7776","lastUpdated":"2020-02-26T17:11:14.851+0000","key":"vacationRequestProcess","tenantId":"default"}],"cmmnModels":[],"formModels":[],"dmnModels":[],"workModels":[],"pages":[],"theme":"theme-8","icon":"glyphicon-plane","flowApp":false,"i18n":{}}}