{"id":"DATA_OBJECT_MODEL-d829bb8b-363e-4395-bd3a-89140f4731cf","name":"Posts Data Object Model","key":"postsDataObjectModel","description":null,"tenantId":"default","editorJson":{"fieldMappings":[{"label":"Id","name":"id","type":"INT","description":""},{"label":"User Id","name":"userId","type":"STRING","description":""},{"label":"Title","name":"title","type":"STRING","description":""},{"label":"Body","name":"body","type":"STRING","description":""}],"dataObjectType":"serviceRegistryDataObject","sourceId":"flowableServiceRegistryDataSource"}}