{"id":"APP_MODEL-4295d008-a7e8-4717-ae9a-f0cb8b256eeb","name":"Issue Managemente App","key":"issueManagementeApp","description":"","editorJson":{"models":[{"id":"PROCESS_MODEL-7d236a22-f543-4d27-a844-c86c25d7e89b","name":"Issue Management Process","version":12,"modelType":0,"description":"","createdBy":"3b5e6044-6b6f-4cda-9320-94a3ee5956ee","lastUpdatedBy":"3b5e6044-6b6f-4cda-9320-94a3ee5956ee","lastUpdated":"2020-02-27T23:00:15.118+0000","key":"issueManagementProcess","tenantId":"default"}],"cmmnModels":[],"formModels":[],"dmnModels":[],"workModels":[],"pages":[],"theme":"theme-6","icon":"glyphicon-flash","flowApp":false,"i18n":{}}}