{"id":"CASE_MODEL-cacb49cd-c8d0-49f8-b358-35e1f45f4195","name":"Fruits Manager Case","key":"fruitsManagerCase","description":"","tenantId":"default","editorJson":{"resourceId":"editor_CASE_MODEL-cacb49cd-c8d0-49f8-b358-35e1f45f4195","stencil":{"id":"CASEDiagram"},"pathProperties":{},"xmlProperties":["customcaseviewelements","caseinstancename","caseinstancename_en_us","caseinstancename_en_us-run","caseinstancename_de_de","caseinstancename_de_de-run","caseinstancename_fr_fr","caseinstancename_fr_fr-run","caseinstancename_it_it","caseinstancename_it_it-run","caseinstancename_es_es","caseinstancename_es_es-run","caseinstancename-run","caseinstancename_i18n-key"],"childShapes":[{"resourceId":"onecaseplanmodel1","stencil":{"id":"CasePlanModel"},"pathProperties":{},"xmlProperties":["planitemlifecyclelisteners","autocomplete","autocomplete-run"],"childShapes":[{"resourceId":"processTask1","stencil":{"id":"Task"},"pathProperties":{},"xmlProperties":["planitemlifecyclelisteners","exposetoobjectitems","exposeasmessageitems","processname"],"childShapes":[],"bounds":{"lowerRight":{"x":146,"y":111},"upperLeft":{"x":46,"y":31}},"specialproperties":{"startformreference":{"type":"treeview","placeholder":"startformkey"},"entry":{"type":"treeview","placeholder":"processentry"}},"outputmappingproperties":{"planitemlifecyclelisteners":{"type":"complex","placeholders":[]},"exposetoobjectitems":{"type":"complex","placeholders":[]},"exposeasmessageitems":{"type":"complex","placeholders":[]},"in":{"type":"complex","placeholders":[]},"out":{"type":"complex","placeholders":[]}},"properties":{"stencilid":"ProcessTask","stencilsuperid":"Task","stencilsuperids":["Task"],"customstencil":false,"bordercolor":"#000000","notes":"","planitemlifecyclelisteners":"","required":false,"required-run":"","repetition":true,"repetition-run":"","repetitioncountervariablename":"repetitionCounter","maxinstancecount":"unlimited","collectionvariable":"","elementvariable":"","elementindexvariable":"","manualactivation":true,"manualactivation-run":"","startformreference":"","startformkey":"","startformfieldvalidation":false,"formfieldvalidation-run":"","manualactivationpermissiongroups":"","manualactivationpermissiongroups-run":"","manualactivationname":"","manualactivationname-run":"","manualactivationchannels":"","manualactivationchannels-run":"","completionneutral":false,"completionneutral-run":"","impactparentcompletion":"default","bgcolor":"#ffffff","isblocking":true,"isblocking-run":"","id":"processTask1","name":"Create Fruit","description":"","fontsize":"12","fontweight":"normal","fontstyle":"normal","fontcolor":"#000000","async":false,"exclusive":true,"exposetoobjectitems":"","exposeasmessageitems":"","in":"","out":"","isdiscretionary":false,"applicabilityrule":"","tasktype":"process","entry":"PROCESS_MODEL-bec77220-36a9-490b-9fce-9757c04ab345","processentry-run":"","processentry":"createFruitProcess","processname":"","processid":"","fallback-to-default-tenant":true,"business-key":"","inherit-business-key":false},"ssextensions":[],"outgoing":[],"dockers":[],"labels":[{"styles":{"fill":"#000000","size":"12","italic":false,"bold":false},"ref":"text_name"}]},{"resourceId":"humanTask2","stencil":{"id":"Task"},"pathProperties":{},"xmlProperties":["planitemlifecyclelisteners","exposetoobjectitems","exposeasmessageitems","exposehumantaskasmessageitems","exposehumantasktoobjectitems"],"childShapes":[],"bounds":{"lowerRight":{"x":266,"y":111},"upperLeft":{"x":166,"y":31}},"specialproperties":{"startformreference":{"type":"treeview","placeholder":"startformkey"},"form_entry":{"type":"treeview","placeholder":"formentry"},"securitypolicy":{"type":"treeview","placeholder":"securitypolicymodel"}},"outputmappingproperties":{"planitemlifecyclelisteners":{"type":"complex","placeholders":[]},"exposetoobjectitems":{"type":"complex","placeholders":[]},"exposeasmessageitems":{"type":"complex","placeholders":[]},"exposehumantaskasmessageitems":{"type":"complex","placeholders":[]},"exposehumantasktoobjectitems":{"type":"complex","placeholders":[]},"tasklistener":{"type":"complex","placeholders":[]}},"properties":{"stencilid":"HumanTask","stencilsuperid":"Task","stencilsuperids":["Task"],"customstencil":false,"bordercolor":"#000000","notes":"","planitemlifecyclelisteners":"","required":false,"required-run":"","repetition":true,"repetition-run":"","repetitioncountervariablename":"repetitionCounter","maxinstancecount":"unlimited","collectionvariable":"","elementvariable":"","elementindexvariable":"","manualactivation":false,"manualactivation-run":"","startformreference":"","startformkey":"","startformfieldvalidation":false,"formfieldvalidation-run":"","manualactivationpermissiongroups":"","manualactivationpermissiongroups-run":"","manualactivationname":"","manualactivationname-run":"","manualactivationchannels":"","manualactivationchannels-run":"","completionneutral":false,"completionneutral-run":"","impactparentcompletion":"default","bgcolor":"#ffffff","isblocking":true,"isblocking-run":"","id":"humanTask2","name":"Show Fruits","description":"","fontsize":"12","fontweight":"normal","fontstyle":"normal","fontcolor":"#000000","async":false,"exclusive":true,"exposetoobjectitems":"","exposeasmessageitems":"","exposehumantaskasmessageitems":"","exposehumantasktoobjectitems":"","availablestaterendering":"readOnly","activestaterendering":"fullAccess","completedstaterendering":"hidden","terminatedstaterendering":"hidden","owner":"","owner-run":"","assignee":"","assignee-run":"${initiator}","candidateusers":"","candidateusers-run":"","candidategroups":"","candidategroups-run":"","participantusers":"","participantusers-run":"","participantgroups":"","participantgroups-run":"","watcherusers":"","watcherusers-run":"","watchergroups":"","watchergroups-run":"","isdiscretionary":false,"applicabilityrule":"","tasktype":"human","name_en_us":"Show Fruits","name_en_us-run":"Show Fruits","name_de_de":"","name_de_de-run":"","name_fr_fr":"","name_fr_fr-run":"","name_it_it":"","name_it_it-run":"","name_es_es":"","name_es_es-run":"","name-run":"Show Fruits","name_i18n-key":"","form_entry":"FORM_MODEL-1db4b277-2f39-4ede-97e5-1a7fd814c886","formentry":"showFruitsForm","formfieldvalidation":false,"taskid":"","securitypolicy":"","securitypolicymodel":"","priority":"","duedate":"","tasklistener":"","customfolderpath":"","categorydefinition":"","exposetocaseview":"","elementlabel":"","elementicon":"","elementindex":""},"ssextensions":[],"outgoing":[],"dockers":[],"labels":[{"styles":{"fill":"#000000","size":"12","italic":false,"bold":false},"ref":"text_name"}]},{"resourceId":"userEventListener1","stencil":{"id":"EventListener"},"pathProperties":{},"xmlProperties":["planitemlifecyclelisteners","exposetoobjectitems","exposeasmessageitems"],"childShapes":[],"bounds":{"lowerRight":{"x":585.498,"y":119.25050000000002},"upperLeft":{"x":555,"y":88.74950000000003}},"specialproperties":{"startformreference":{"type":"treeview","placeholder":"startformkey"}},"outputmappingproperties":{"planitemlifecyclelisteners":{"type":"complex","placeholders":[]},"exposetoobjectitems":{"type":"complex","placeholders":[]},"exposeasmessageitems":{"type":"complex","placeholders":[]}},"properties":{"stencilid":"UserEventListener","stencilsuperid":"EventListener","stencilsuperids":["EventListener"],"customstencil":false,"bordercolor":"#000000","notes":"","required":false,"required-run":"","repetition":false,"repetition-run":"","repetitioncountervariablename":"repetitionCounter","maxinstancecount":"unlimited","collectionvariable":"","elementvariable":"","elementindexvariable":"","manualactivation":"","startformreference":"","startformkey":"","startformfieldvalidation":false,"formfieldvalidation-run":"","manualactivationpermissiongroups":"","manualactivationpermissiongroups-run":"","manualactivationname":"","manualactivationname-run":"","manualactivationchannels":"","manualactivationchannels-run":"","completionneutral":false,"completionneutral-run":"","impactparentcompletion":"default","planitemlifecyclelisteners":"","bgcolor":"#ffffff","id":"userEventListener1","name":"Finish","description":"","fontsize":"12","fontweight":"normal","fontstyle":"normal","fontcolor":"#000000","availablecondition":"","availablecondition-run":"","eventlistenerpermissiongroups":"","eventlistenerpermissiongroups-run":"","eventlistenername":"","eventlistenername-run":"","eventlistenerchannels":"","eventlistenerchannels-run":"","type":"","type-run":"","exposetoobjectitems":"","exposeasmessageitems":""},"ssextensions":[],"outgoing":[{"resourceId":"connector1"}],"dockers":[{"x":570.249,"y":104.00000000000003}],"labels":[{"styles":{"fill":"#000000","size":"12","italic":false,"bold":false},"ref":"text_name"}]},{"resourceId":"exitCriterion1","stencil":{"id":"ExitCriterion"},"pathProperties":{},"xmlProperties":[],"childShapes":[],"bounds":{"lowerRight":{"x":785,"y":118},"upperLeft":{"x":767,"y":90}},"properties":{"stencilid":"ExitCriterion","stencilsuperid":"ExitCriterion","stencilsuperids":["ExitCriterion"],"customstencil":false,"fontsize":"12","notes":"","fontweight":"normal","fontstyle":"normal","fontcolor":"#000000","id":"exitCriterion1","name":"","description":"","condition":"","triggermode":"deferred","exittype":"default","exiteventtype":"exit"},"ssextensions":[],"outgoing":[],"dockers":[{"x":761.6675461741424,"y":104}]},{"resourceId":"processTask2","stencil":{"id":"Task"},"pathProperties":{},"xmlProperties":["planitemlifecyclelisteners","exposetoobjectitems","exposeasmessageitems","processname"],"childShapes":[],"bounds":{"lowerRight":{"x":386,"y":111},"upperLeft":{"x":286,"y":31}},"specialproperties":{"startformreference":{"type":"treeview","placeholder":"startformkey"},"entry":{"type":"treeview","placeholder":"processentry"}},"outputmappingproperties":{"planitemlifecyclelisteners":{"type":"complex","placeholders":[]},"exposetoobjectitems":{"type":"complex","placeholders":[]},"exposeasmessageitems":{"type":"complex","placeholders":[]},"in":{"type":"complex","placeholders":[]},"out":{"type":"complex","placeholders":[]}},"properties":{"stencilid":"ProcessTask","stencilsuperid":"Task","stencilsuperids":["Task"],"customstencil":false,"bordercolor":"#000000","notes":"","planitemlifecyclelisteners":"","required":false,"required-run":"","repetition":true,"repetition-run":"","repetitioncountervariablename":"repetitionCounter","maxinstancecount":"unlimited","collectionvariable":"","elementvariable":"","elementindexvariable":"","manualactivation":true,"manualactivation-run":"","startformreference":"","startformkey":"","startformfieldvalidation":false,"formfieldvalidation-run":"","manualactivationpermissiongroups":"","manualactivationpermissiongroups-run":"","manualactivationname":"","manualactivationname-run":"","manualactivationchannels":"","manualactivationchannels-run":"","completionneutral":false,"completionneutral-run":"","impactparentcompletion":"default","bgcolor":"#ffffff","isblocking":true,"isblocking-run":"","id":"processTask2","name":"Delete Fruit","description":"","fontsize":"12","fontweight":"normal","fontstyle":"normal","fontcolor":"#000000","async":false,"exclusive":true,"exposetoobjectitems":"","exposeasmessageitems":"","in":"","out":"","isdiscretionary":false,"applicabilityrule":"","tasktype":"process","entry":"PROCESS_MODEL-5d6a0f7b-0a51-4294-ab56-6b3f0d0174e5","processentry-run":"","processentry":"deleteFruitProcess","processname":"","processid":"","fallback-to-default-tenant":true,"business-key":"","inherit-business-key":false},"ssextensions":[],"outgoing":[],"dockers":[],"labels":[{"styles":{"fill":"#000000","size":"12","italic":false,"bold":false},"ref":"text_name"}]}],"bounds":{"lowerRight":{"x":806,"y":799},"upperLeft":{"x":30,"y":45}},"specialproperties":{"formreference":{"type":"treeview","placeholder":"formkey"},"workformreference":{"type":"treeview","placeholder":"workformkey"}},"outputmappingproperties":{"planitemlifecyclelisteners":{"type":"complex","placeholders":[]}},"properties":{"stencilid":"CasePlanModel","stencilsuperid":"CasePlanModel","stencilsuperids":["CasePlanModel"],"customstencil":false,"bordercolor":"#000000","notes":"","planitemlifecyclelisteners":"","bgcolor":"#ffffff","id":"onecaseplanmodel1","name":"Case plan model","description":"","fontsize":"12","fontweight":"normal","fontstyle":"normal","fontcolor":"#000000","autocomplete":false,"autocomplete-run":"","formreference":"","formkey":"","formfieldvalidation":false,"formfieldvalidation-run":"","workformreference":"","workformkey":"","workformfieldvalidation":false,"workformfieldvalidation-run":""},"ssextensions":[],"outgoing":[{"resourceId":"exitCriterion1"}],"dockers":[],"labels":[{"styles":{"fill":"#000000","size":"12","italic":false,"bold":false},"ref":"text_name"}]},{"resourceId":"connector1","stencil":{"id":"Connector"},"pathProperties":{},"xmlProperties":[],"childShapes":[],"bounds":{"lowerRight":{"x":796,"y":149},"upperLeft":{"x":615,"y":149}},"properties":{"stencilid":"Connector","stencilsuperid":"Connector","stencilsuperids":["Connector"],"customstencil":false,"bordercolor":"#000000","notes":"","id":"connector1","name":"occur","description":"","fontsize":"12","fontweight":"normal","fontstyle":"normal","fontcolor":"#000000","standardevent":"occur","display_ref_in_diagram":true},"ssextensions":[],"outgoing":[{"resourceId":"exitCriterion1"}],"dockers":[{"x":15.498000000000022,"y":15.500999999999994},{"x":9,"y":14}],"labels":[{"styles":{"fill":"#000000","size":"12","italic":false,"bold":false},"ref":"text_name"}],"target":{"resourceId":"exitCriterion1"}}],"bounds":{"lowerRight":{"x":1485,"y":1050},"upperLeft":{"x":0,"y":0}},"specialproperties":{"securitypolicy":{"type":"treeview","placeholder":"securitypolicymodel"}},"outputmappingproperties":{"customcaseviewelements":{"type":"formlist","placeholders":[]},"namespaces":{"type":"complex","placeholders":[]}},"properties":{"stencilid":"CASEDiagram","stencilsuperid":"CASEDiagram","stencilsuperids":["CASEDiagram"],"customstencil":false,"owner":"","owner-run":"","notes":"","assignee":"","assignee-run":"","participantusers":"","participantusers-run":"","participantgroups":"","participantgroups-run":"","watcherusers":"","watcherusers-run":"","watchergroups":"","watchergroups-run":"","customcaseviewelements":{"totalCount":0,"items":[]},"id":"fruitsManagerCase","name":"Fruits Manager Case","description":"","fontsize":"12","fontweight":"normal","fontstyle":"normal","fontcolor":"#000000","labelexpression":"","name_en_us":"","name_de_de":"","name_fr_fr":"","name_it_it":"","name_es_es":"","name_i18n-key":"","creationdate":"2020-02-28T00:37:08.121Z","modificationdate":"2020-02-28T02:40:15.940Z","caseinstancename":"","caseinstancename_en_us":"","caseinstancename_en_us-run":"","caseinstancename_de_de":"","caseinstancename_de_de-run":"","caseinstancename_fr_fr":"","caseinstancename_fr_fr-run":"","caseinstancename_it_it":"","caseinstancename_it_it-run":"","caseinstancename_es_es":"","caseinstancename_es_es-run":"","caseinstancename-run":"","caseinstancename_i18n-key":"","securitypolicy":"","securitypolicymodel":"","customfolderpath":"","case_potentialstarteruser":"","case_potentialstarteruser-run":"","case_potentialstartergroup":"flowableUser","case_potentialstartergroup-run":"","do-not-inherit-start-user-as-owner":"","do-not-inherit-start-user-as-assignee":"","version":"","author":"","case_initiatorvariablename":"initiator","case_namespace":"","namespaces":""},"ssextensions":[],"stencilset":{"url":"./app/editor_stencilset","paletteKey":"flowable-case-palette","namespace":"http://b3mn.org/stencilset/case1.0#"}}}