{"id":"SERVICE_DEFINITION_MODEL-27d0e568-f443-4630-9753-f4342a838b36","name":"Fruits Service Model","key":"fruitsServiceModel","description":null,"tenantId":"default","editorJson":{"type":"database","operations":[{"name":"Lookup","key":"findById","inputParameters":[{"name":"lookupId","mappingName":"lookupId","type":"STRING"}],"outputParameters":[{"name":"id","mappingName":"id","type":"integer"},{"name":"name","mappingName":"name","type":"STRING"},{"name":"colour","mappingName":"colour","type":"STRING"}],"config":{}},{"name":"Create","key":"create","inputParameters":[{"name":"id","mappingName":"id","type":"integer"},{"name":"name","mappingName":"name","type":"STRING"},{"name":"colour","mappingName":"colour","type":"STRING"}],"outputParameters":[{"name":"id","mappingName":"id","type":"integer"},{"name":"name","mappingName":"name","type":"STRING"},{"name":"colour","mappingName":"colour","type":"STRING"}],"config":{}},{"name":"Update","key":"update","inputParameters":[{"name":"id","mappingName":"id","type":"integer"},{"name":"name","mappingName":"name","type":"STRING"},{"name":"colour","mappingName":"colour","type":"STRING"}],"outputParameters":[{"name":"id","mappingName":"id","type":"integer"},{"name":"name","mappingName":"name","type":"STRING"},{"name":"colour","mappingName":"colour","type":"STRING"}],"config":{}},{"name":"Delete","key":"delete","inputParameters":[{"name":"lookupId","mappingName":"lookupId","type":"STRING"}],"outputParameters":[],"config":{}}],"referenceKey":"fruitsDataObjectModel","config":{},"columnMappings":[{"name":"id","type":"INT","columnName":"id"},{"name":"name","type":"STRING","columnName":"name"},{"name":"colour","type":"STRING","columnName":"colour"}],"lookupId":"id","tableName":"FRUITS"}}