{"id":"SERVICE_DEFINITION_MODEL-6007dfb8-3bf7-46a1-baca-bdbd8b4f1195","name":"Posts Service Model","key":"postsServiceModel","description":null,"tenantId":"default","editorJson":{"type":"REST","operations":[{"name":"Lookup","key":"findById","inputParameters":[{"name":"lookupId","mappingName":"lookupId","type":"STRING"}],"outputParameters":[{"name":"id","mappingName":"id","type":"integer"},{"name":"userId","mappingName":"userId","type":"STRING"},{"name":"title","mappingName":"title","type":"STRING"},{"name":"body","mappingName":"body","type":"STRING"}],"config":{"url":"/${lookupId}","method":"GET"}},{"name":"Create","key":"create","inputParameters":[{"name":"id","mappingName":"id","type":"integer"},{"name":"userId","mappingName":"userId","type":"STRING"},{"name":"title","mappingName":"title","type":"STRING"},{"name":"body","mappingName":"body","type":"STRING"}],"outputParameters":[{"name":"id","mappingName":"id","type":"integer"},{"name":"userId","mappingName":"userId","type":"STRING"},{"name":"title","mappingName":"title","type":"STRING"},{"name":"body","mappingName":"body","type":"STRING"}],"config":{"method":"POST"}},{"name":"Update","key":"update","inputParameters":[{"name":"id","mappingName":"id","type":"integer"},{"name":"userId","mappingName":"userId","type":"STRING"},{"name":"title","mappingName":"title","type":"STRING"},{"name":"body","mappingName":"body","type":"STRING"}],"outputParameters":[{"name":"id","mappingName":"id","type":"integer"},{"name":"userId","mappingName":"userId","type":"STRING"},{"name":"title","mappingName":"title","type":"STRING"},{"name":"body","mappingName":"body","type":"STRING"}],"config":{"url":"/${lookupId}","method":"PUT"}},{"name":"Delete","key":"delete","inputParameters":[{"name":"lookupId","mappingName":"lookupId","type":"STRING"}],"outputParameters":[],"config":{"url":"/${lookupId}","method":"DELETE"}}],"referenceKey":"postsDataObjectModel","config":{"baseUrl":"http://localhost:3000/posts"},"lookupId":"id"}}