{"id":"APP_MODEL-ed6ebb41-eb10-4eea-975f-4978a17005eb","name":"Data Objects App","key":"dataObjectsApp","description":"","editorJson":{"models":[],"cmmnModels":[{"id":"CASE_MODEL-cacb49cd-c8d0-49f8-b358-35e1f45f4195","name":"Fruits Manager Case","version":8,"modelType":5,"description":"","createdBy":"3b5e6044-6b6f-4cda-9320-94a3ee5956ee","lastUpdatedBy":"3b5e6044-6b6f-4cda-9320-94a3ee5956ee","lastUpdated":"2020-02-28T02:40:15.940+0000","key":"fruitsManagerCase","tenantId":"default"},{"id":"CASE_MODEL-ac32edad-e0d7-4c6b-8df2-c9c949e9e31e","name":"Posts Manager","version":4,"modelType":5,"createdBy":"3b5e6044-6b6f-4cda-9320-94a3ee5956ee","lastUpdatedBy":"3b5e6044-6b6f-4cda-9320-94a3ee5956ee","lastUpdated":"2020-02-28T02:19:21.650+0000","key":"postsManager","tenantId":"default"}],"formModels":[],"dmnModels":[],"workModels":[{"id":"DATA_OBJECT_MODEL-3edc7fb1-25e5-4e98-ac24-3163c0e2ff97","name":"Fruits Data Object Model","version":1,"modelType":11,"createdBy":"Admin","lastUpdatedBy":"Admin","lastUpdated":"2020-02-28T00:27:59.087+0000","key":"fruitsDataObjectModel","tenantId":"default"},{"id":"SERVICE_DEFINITION_MODEL-27d0e568-f443-4630-9753-f4342a838b36","name":"Fruits Service Model","version":1,"modelType":13,"createdBy":"Admin","lastUpdatedBy":"Admin","lastUpdated":"2020-02-28T00:34:34.780+0000","key":"fruitsServiceModel","tenantId":"default"},{"id":"LIQUIBASE_CHANGELOG_MODEL-02283b5a-75db-49f3-8011-554449290a0b","name":"Fruits Liquibase Changelog","version":1,"modelType":14,"createdBy":"Admin","lastUpdatedBy":"Admin","lastUpdated":"2020-02-28T00:34:57.858+0000","key":"fruitsLiquibaseChangelog","tenantId":"default"},{"id":"SERVICE_DEFINITION_MODEL-6007dfb8-3bf7-46a1-baca-bdbd8b4f1195","name":"Posts Service Model","version":1,"modelType":13,"createdBy":"Admin","lastUpdatedBy":"Admin","lastUpdated":"2020-02-28T02:06:25.361+0000","key":"postsServiceModel","tenantId":"default"},{"id":"DATA_OBJECT_MODEL-d829bb8b-363e-4395-bd3a-89140f4731cf","name":"Posts Data Object Model","version":1,"modelType":11,"createdBy":"Admin","lastUpdatedBy":"Admin","lastUpdated":"2020-02-28T02:03:17.991+0000","key":"postsDataObjectModel","tenantId":"default"}],"pages":[],"theme":"theme-1","icon":"glyphicon-asterisk","flowApp":false,"i18n":{}}}