{"id":"APP_MODEL-2dec32bf-a8bf-4e8b-8c0f-92cfafaecbe8","name":"Greeter App","key":"greeterApp","description":"","editorJson":{"models":[{"id":"PROCESS_MODEL-56c2e35d-76dc-48d8-90a2-ee5660b7ae2a","name":"Greeter Process","version":3,"modelType":0,"description":"","createdBy":"5d821290-cdff-4b08-bca3-6519735b7776","lastUpdatedBy":"5d821290-cdff-4b08-bca3-6519735b7776","lastUpdated":"2020-02-26T13:34:32.724+0000","key":"greeterProcess","tenantId":"default"}],"theme":"theme-1","icon":"glyphicon-asterisk","flowApp":false,"i18n":{}}}