<?xml version="1.0" encoding="UTF-8"?>
<databaseChangeLog xmlns="http://www.liquibase.org/xml/ns/dbchangelog" xmlns:xsi="http://www.w3.org/2001/XMLSchema-instance" xsi:schemaLocation="http://www.liquibase.org/xml/ns/dbchangelog http://www.liquibase.org/xml/ns/dbchangelog/dbchangelog-3.0.xsd" logicalFilePath="fruitsLiquibaseChangelog">
    <property name="datetime.type" value="datetime2" dbms="mssql"/>
    <property name="datetime.type" value="datetime"/>
    <property name="varchar.type" value="nvarchar" dbms="mssql"/>
    <property name="varchar.type" value="varchar"/>
    <property name="serviceDefinitionReferences" value="fruitsServiceModel"/>

    <changeSet id="1" author="flowable">
        <createTable tableName="FRUITS">
            <column name="id" type="${varchar.type}(255)">
                <constraints nullable="false" primaryKey="true"/>
            </column>
            <column name="name" type="${varchar.type}(255)"/>
            <column name="colour" type="${varchar.type}(255)"/>
        </createTable>
    </changeSet>
    <changeSet author="flowable" id="2">
      <modifyDataType
              columnName="id"
              newDataType="int"
              tableName="FRUITS"/>
  </changeSet>
      <changeSet author="flowable" id="3">
      <modifyDataType
              columnName="id"
              newDataType="${varchar.type}(255)"
              tableName="FRUITS"/>
  </changeSet>
</databaseChangeLog>
