{"id":"DMN_MODEL-36955f50-a349-41d9-8188-5e70ba290f30","name":"Severity Decision","key":"SeverityDecision","description":null,"tenantId":"default","editorJson":{"id":"DMN_MODEL-36955f50-a349-41d9-8188-5e70ba290f30","modelVersion":"3","name":"Severity Decision","key":"SeverityDecision","description":"","forceDMN11":false,"hitIndicator":"UNIQUE","inputExpressions":[{"id":"1","variableId":"severity","variableType":null,"type":"number","label":"Severity","entries":["1","2","3"],"newVariable":false,"complexExpression":false}],"outputExpressions":[{"id":"2","variableId":"duration","variableType":null,"type":"string","label":"Duration","entries":[],"newVariable":false,"complexExpression":false}],"rules":[{"2":"PT5S","1_operator":"==","1_expression":"1"},{"2":"PT10S","1_operator":"==","1_expression":"2"},{"2":"PT15S","1_operator":"==","1_expression":"3"}]}}